participant_id	age	sex	handedness	source_code	source_description
sub-bp	n/a	F	n/a	BP	n/a
sub-ca	n/a	M	n/a	CA	n/a
sub-cc	n/a	M	n/a	CC	n/a
sub-de	n/a	F	n/a	DE	n/a
sub-fp	n/a	M	n/a	FP	n/a
sub-gc	n/a	M	n/a	GC	n/a
sub-gf	n/a	F	n/a	GF	n/a
sub-hh	n/a	n/a	n/a	HH	n/a
sub-hl	n/a	M	n/a	HL	n/a
sub-ht	n/a	M	n/a	HT	n/a
sub-in	n/a	n/a	n/a	IN	n/a
sub-jc	n/a	F	n/a	JC	n/a
sub-jf	n/a	n/a	n/a	JF	n/a
sub-jm	n/a	M	n/a	JM	n/a
sub-jp	n/a	F	n/a	JP	n/a
sub-jt	n/a	n/a	n/a	JT	n/a
sub-mv	n/a	F	n/a	MV	n/a
sub-rh	n/a	M	n/a	RH	n/a
sub-rr	n/a	n/a	n/a	RR	n/a
sub-ug	n/a	F	n/a	UG	n/a
sub-wc	n/a	M	n/a	WC	n/a
sub-wm	n/a	F	n/a	WM	n/a
sub-ww	n/a	n/a	n/a	WW	n/a
sub-zt	n/a	F	n/a	ZT	n/a
