name	x	y	z	size
ecog001	-47.19611092536707	21.728733013323676	39.087628859518645	n/a
ecog002	-46.025559771338884	12.944512126700907	46.18432234126924	n/a
ecog003	-43.397843279930356	3.5661315884128406	49.883368798848636	n/a
ecog004	-45.05258627837285	-5.030972103277449	52.29867692894854	n/a
ecog005	-40.26823035913584	-12.76060826422573	58.932402080239704	n/a
ecog006	-34.33664721404756	-21.093301179718697	64.15842149576841	n/a
ecog007	-48.35582983265406	35.16641674034039	19.54748645014685	n/a
ecog008	-51.36555966136026	26.330203408766074	25.883043545970796	n/a
ecog009	-54.3843408603067	17.27712319450627	31.16399638649693	n/a
ecog010	-53.34029644605147	8.332476421589217	36.97225135467197	n/a
ecog011	-55.57432623236181	-0.9374706753560975	41.19859993990029	n/a
ecog012	-53.05138644971898	-10.098984330958658	45.95225065277751	n/a
ecog013	-48.68389287774441	-18.54900779067378	52.640909229066075	n/a
ecog014	-45.791184164675094	-27.159457136683177	58.041129291779086	n/a
ecog015	-54.160786115406204	30.168191163369507	9.982313983084971	n/a
ecog016	-57.06226240520133	21.058669952718482	15.497101081888832	n/a
ecog017	-60.67255508536938	12.057582183410194	21.53919030834161	n/a
ecog018	-61.18898001926349	2.7787379835854757	27.75548018197867	n/a
ecog019	-58.23155563931971	-5.610395928298716	33.215333855785126	n/a
ecog020	-57.89332189953337	-14.272837719259638	37.8544175325715	n/a
ecog021	-57.39571888825301	-23.994312787334767	43.95144018402168	n/a
ecog022	-53.057378782908096	-32.65675457829569	48.59052386080806	n/a
ecog023	-52.60325011288003	24.05893986433292	1.1139441047602547	n/a
ecog024	-58.0617411261325	15.448490518323517	6.514164167473272	n/a
ecog025	-60.3257937011258	6.612277186749207	12.849721263297218	n/a
ecog026	-60.94343659192564	-2.219487593385397	18.19030771491679	n/a
ecog027	-63.63162672449417	-11.32900880403643	23.705094813720656	n/a
ecog028	-62.840859124960204	-20.10433258777981	28.811847007062497	n/a
ecog029	-61.57534299763133	-28.714781933789205	34.212067069775514	n/a
ecog030	-58.24623279868773	-38.15405201990819	39.13991842983703	n/a
ecog031	-55.08799683188604	9.838311083928552	-2.4687727469422933	n/a
ecog032	-59.00134612978252	0.33815144997862845	3.6878835156013277	n/a
ecog033	-63.67452437589136	-8.27229789603077	9.088103578314342	n/a
ecog034	-65.51406112598495	-16.3272343810073	14.139922346658778	n/a
ecog035	-64.51090188314207	-25.158999161141907	19.48050879827835	n/a
ecog036	-63.88402327302387	-34.15563837901048	24.527627380526752	n/a
ecog037	-61.21441503313484	-43.2087185932703	29.80858022105289	n/a
ecog038	-52.658308556857556	12.283068134510124	-16.503528429702293	n/a
ecog039	-56.96357269244671	4.119698208190838	-11.979011789006766	n/a
ecog040	-60.185448310515	-4.104561265959379	-6.225690245829132	n/a
ecog041	-65.08415726585721	-13.16209003165889	0.050233238901372185	n/a
ecog042	-67.15507475357917	-22.102288253136244	4.863517562872039	n/a
ecog043	-67.40247905195916	-30.656296602754416	10.029903367307323	n/a
ecog044	-60.862448108582456	-24.043802922101456	-19.318646139596154	n/a
ecog045	-67.19513527117093	-32.541370275328404	-14.386094593438601	n/a
ecog046	-68.18844646158665	-41.373135055463	-9.045508141819028	n/a
ecog047	-65.38097944122521	-50.03557684642393	-4.406424465032654	n/a
ecog048	-59.71103593483699	-59.08865706068373	0.8745283754934797	n/a
