onset	duration	trial_type	value	sample
0.0	5.92	stimcode-0	1	0
5.92	1.6	stimcode-1	2	5920
7.52	1.64	stimcode-0	1	7520
9.16	1.6	stimcode-2	13	9160
10.76	1.64	stimcode-0	1	10760
12.4	1.6	stimcode-3	24	12400
14.0	1.6	stimcode-0	1	14000
15.6	1.6	stimcode-4	35	15600
17.2	1.64	stimcode-0	1	17200
18.84	1.6	stimcode-5	37	18840
20.44	1.64	stimcode-0	1	20440
22.08	1.6	stimcode-6	38	22080
23.68	1.64	stimcode-0	1	23680
25.32	1.6	stimcode-7	39	25320
26.92	1.64	stimcode-0	1	26920
28.56	1.6	stimcode-8	40	28560
30.16	1.68	stimcode-0	1	30160
31.84	1.6	stimcode-9	41	31840
33.44	1.64	stimcode-0	1	33440
35.08	1.6	stimcode-10	3	35080
36.68	1.64	stimcode-0	1	36680
38.32	1.6	stimcode-11	4	38320
39.92	1.6	stimcode-0	1	39920
41.52	1.6	stimcode-12	5	41520
43.12	1.64	stimcode-0	1	43120
44.76	1.6	stimcode-13	6	44760
46.36	1.6	stimcode-0	1	46360
47.96	1.6	stimcode-14	7	47960
49.56	1.6	stimcode-0	1	49560
51.16	1.6	stimcode-15	8	51160
52.76	1.68	stimcode-0	1	52760
54.44	1.6	stimcode-16	9	54440
56.04	1.6	stimcode-0	1	56040
57.64	1.6	stimcode-17	10	57640
59.24	1.68	stimcode-0	1	59240
60.92	1.6	stimcode-18	11	60920
62.52	1.64	stimcode-0	1	62520
64.16	1.6	stimcode-19	12	64160
65.76	1.68	stimcode-0	1	65760
67.44	1.6	stimcode-20	14	67440
69.04	1.68	stimcode-0	1	69040
70.72	1.6	stimcode-21	15	70720
72.32	1.68	stimcode-0	1	72320
74.0	1.6	stimcode-22	16	74000
75.6	1.68	stimcode-0	1	75600
77.28	1.6	stimcode-23	17	77280
78.88	1.6	stimcode-0	1	78880
80.48	1.6	stimcode-24	18	80480
82.08	1.6	stimcode-0	1	82080
83.68	1.6	stimcode-25	19	83680
85.28	1.64	stimcode-0	1	85280
86.92	1.6	stimcode-26	20	86920
88.52	1.64	stimcode-0	1	88520
90.16	1.6	stimcode-27	21	90160
91.76	1.6	stimcode-0	1	91760
93.36	1.6	stimcode-28	22	93360
94.96	1.64	stimcode-0	1	94960
96.6	1.6	stimcode-29	23	96600
98.2	1.64	stimcode-0	1	98200
99.84	1.6	stimcode-30	25	99840
101.44	1.64	stimcode-0	1	101440
103.08	1.6	stimcode-31	26	103080
104.68	1.68	stimcode-0	1	104680
106.36	1.6	stimcode-32	27	106360
107.96	1.68	stimcode-0	1	107960
109.64	1.6	stimcode-33	28	109640
111.24	1.64	stimcode-0	1	111240
112.88	1.6	stimcode-34	29	112880
114.48	1.68	stimcode-0	1	114480
116.16	1.6	stimcode-35	30	116160
117.76	1.6	stimcode-0	1	117760
119.36	1.6	stimcode-36	31	119360
120.96	1.6	stimcode-0	1	120960
122.56	1.6	stimcode-37	32	122560
124.16	1.6	stimcode-0	1	124160
125.76	1.6	stimcode-38	33	125760
127.36	1.68	stimcode-0	1	127360
129.04	1.6	stimcode-39	34	129040
130.64	1.68	stimcode-0	1	130640
132.32	1.6	stimcode-40	36	132320
133.92	4.16	stimcode-0	1	133920
