name	x	y	z	size	atlas_label_AAL3v1	atlas_label_DesikanKilliany
ecog001	-18.573997055399467	66.29270049670274	3.504187579407677	n/a	Frontal_Sup_2_L	n/a
ecog002	-26.10606183652546	62.27382574068202	12.269316888237414	n/a	Frontal_Sup_2_L	n/a
ecog003	-29.559196684258694	58.16798627960744	17.57669102240011	n/a	Frontal_Sup_2_L	n/a
ecog004	-34.063423955287846	51.48390398715036	24.555584380876795	n/a	Frontal_Mid_2_L	n/a
ecog005	-36.26238404855841	44.18466633101593	30.32041870251352	n/a	Frontal_Mid_2_L	n/a
ecog006	-39.123498371695916	36.75965295902827	34.986936043922	n/a	Frontal_Mid_2_L	ctx-lh-rostralmiddlefrontal
ecog007	-41.514321026457466	26.644256150089518	41.40793123387021	n/a	Frontal_Mid_2_L	n/a
ecog008	-40.92531251630543	17.95937116091854	46.24344742323312	n/a	Frontal_Mid_2_L	ctx-lh-caudalmiddlefrontal
ecog009	-26.12325452150613	61.45069521125847	-1.1126439298259936	n/a	Frontal_Sup_2_L	n/a
ecog010	-32.913298033752234	57.862945440578144	4.872924239575297	n/a	Frontal_Sup_2_L	n/a
ecog011	-36.0582948141827	55.64453300818495	12.647742638561098	n/a	Frontal_Mid_2_L	n/a
ecog012	-38.774885242181	51.60201577970034	17.56483204724957	n/a	Frontal_Mid_2_L	n/a
ecog013	-42.17842309669477	45.08232146400429	24.05742381107077	n/a	Frontal_Mid_2_L	n/a
ecog014	-44.47977444990751	37.2628553989149	29.322355838307676	n/a	Frontal_Mid_2_L	ctx-lh-rostralmiddlefrontal
ecog015	-45.10621741409464	27.273705414744747	36.3984047201015	n/a	Frontal_Mid_2_L	ctx-lh-rostralmiddlefrontal
ecog016	-46.40026348039742	17.160783940666857	41.44999591951874	n/a	Frontal_Mid_2_L	ctx-lh-rostralmiddlefrontal
ecog017	-31.222272232006546	57.64151891501091	-5.630119182776766	n/a	OFCant_L	ctx-lh-rostralmiddlefrontal
ecog018	-40.674612526143434	53.46331244491072	0.4214940881276244	n/a	Frontal_Mid_2_L	ctx-lh-rostralmiddlefrontal
ecog019	-45.94395838847797	48.162780483812355	6.056774871523754	n/a	Frontal_Mid_2_L	n/a
ecog020	-48.48332746216413	41.21579820021354	13.353229373634475	n/a	Frontal_Inf_Tri_L	n/a
ecog021	-47.71111837279927	31.12907891345717	17.528525679610308	n/a	Frontal_Inf_Tri_L	ctx-lh-parstriangularis
ecog022	-51.06114987492875	27.064128311903975	24.40508152026101	n/a	Frontal_Inf_Tri_L	n/a
ecog023	-51.67374066583438	17.08775048726483	30.862280678205998	n/a	Frontal_Inf_Tri_L	n/a
ecog024	-50.784468854886114	5.484178009162076	35.81959388369724	n/a	Precentral_L	n/a
ecog025	-33.63600802359897	46.39760570750993	-9.684577162803826	n/a	OFCant_L	n/a
ecog026	-44.302061900327544	47.82618924042832	-3.3283091227438892	n/a	Frontal_Mid_2_L	ctx-lh-parsorbitalis
ecog027	-49.857967523136004	40.91623565258839	2.613782766982071	n/a	Frontal_Inf_Orb_2_L	n/a
ecog028	-52.368704486982104	36.058254466967966	5.488320895248556	n/a	Frontal_Inf_Tri_L	n/a
ecog029	-53.53872685098169	26.880816874691963	10.528967354090415	n/a	Frontal_Inf_Tri_L	ctx-lh-parstriangularis
ecog030	-56.17360645296414	20.383331406483215	17.516692306019458	n/a	Frontal_Inf_Tri_L	ctx-lh-parsopercularis
ecog031	-57.03463635241347	11.572218865068663	23.142860850824523	n/a	Frontal_Inf_Oper_L	n/a
ecog032	-56.7946565548709	3.82967232138064	28.805416874715828	n/a	Precentral_L	ctx-lh-precentral
ecog033	-53.63333191451084	-67.05690337310449	20.30188576021394	n/a	Angular_L	n/a
ecog034	-57.82383092416086	-58.15467705722713	16.35286030489291	n/a	Temporal_Mid_L	n/a
ecog035	-63.40802846240989	-48.47240720991677	11.82702145430641	n/a	Temporal_Sup_L	ctx-lh-superiortemporal
ecog036	-66.61977267592344	-38.70008257472451	7.670107638152909	n/a	Temporal_Mid_L	ctx-lh-superiortemporal
ecog037	-68.22922515049942	-28.73074152619675	2.1646503581756016	n/a	Temporal_Mid_L	ctx-lh-superiortemporal
ecog038	-66.93908327250695	-19.635725506376804	-2.611320177796777	n/a	Temporal_Mid_L	n/a
ecog039	-64.40315369419442	-10.073528709575651	-7.62905907429395	n/a	Temporal_Mid_L	n/a
ecog040	-60.87256352362886	-0.8542129298535812	-12.434727947528113	n/a	Temporal_Mid_L	n/a
ecog041	-52.54146917163228	-62.88522746166334	29.847084968240072	n/a	Angular_L	ctx-lh-inferiorparietal
ecog042	-57.46221548778465	-53.4900288155704	26.300864547044373	n/a	SupraMarginal_L	ctx-lh-supramarginal
ecog043	-62.78975706221248	-44.060585197457215	22.35602075415389	n/a	SupraMarginal_L	n/a
ecog044	-63.31915373860457	-34.12548912094967	17.249186845871364	n/a	SupraMarginal_L	ctx-lh-supramarginal
ecog045	-64.35222996024596	-24.816118553345703	12.812443007070204	n/a	SupraMarginal_L	n/a
ecog046	-63.68540425785982	-15.343976544426452	7.425779076140026	n/a	Temporal_Sup_L	ctx-lh-superiortemporal
ecog047	-61.50722313677692	-6.459088362997612	1.7889834598239756	n/a	Temporal_Sup_L	ctx-lh-superiortemporal
ecog048	-56.6399367940515	2.850282204606362	-2.6477603789771815	n/a	Temporal_Sup_L	ctx-lh-superiortemporal
ecog049	-51.92819141265198	-58.31063400788851	39.426164175958526	n/a	Parietal_Inf_L	ctx-lh-inferiorparietal
ecog050	-56.782694536428615	-48.91543536179555	35.87994375476283	n/a	Parietal_Inf_L	ctx-lh-supramarginal
ecog051	-61.09633532500719	-39.0230376760941	32.21492998452	n/a	SupraMarginal_L	ctx-lh-supramarginal
ecog052	-64.84022374539532	-29.460840879292938	27.197191088022823	n/a	SupraMarginal_L	ctx-lh-supramarginal
ecog053	-63.78867065304972	-20.33157988745277	22.022597180355657	n/a	Postcentral_L	ctx-lh-postcentral
ecog054	-64.12180815331125	-11.352410208749104	16.233128215300155	n/a	Postcentral_L	ctx-lh-postcentral
ecog055	-60.86278160133594	-1.884494909222779	11.36806266754243	n/a	Rolandic_Oper_L	ctx-lh-precentral
ecog056	-60.273728000662615	6.931903328165614	6.528513794615949	n/a	Frontal_Inf_Oper_L	n/a
ecog057	-47.96313170269431	-53.453196062289194	48.547223337458625	n/a	Parietal_Inf_L	n/a
ecog058	-53.76909292776698	-44.09646909760939	45.92122467113017	n/a	Parietal_Inf_L	ctx-lh-supramarginal
ecog059	-57.799644329022115	-34.53427230080823	40.90348577463299	n/a	Parietal_Inf_L	ctx-lh-supramarginal
ecog060	-61.03496224803289	-24.886247425518103	36.77627029574127	n/a	SupraMarginal_L	n/a
ecog061	-62.066121960763326	-16.249958763893524	31.19887135394879	n/a	Postcentral_L	ctx-lh-postcentral
ecog062	-61.926837603842976	-7.737969862171065	25.65117074941808	n/a	Postcentral_L	ctx-lh-postcentral
ecog063	-58.733185714905545	1.2369731071396757	20.383300167535033	n/a	Precentral_L	ctx-lh-precentral
ecog064	-60.71662875384734	10.709115116058928	14.996636236604854	n/a	Frontal_Inf_Oper_L	n/a
